Token,Label
Indianapolis,B-City
United,B-Country
States,I-Country
Indiana,B-State
remote,B-Country
Cincinnati,B-City
United,B-Country
States,I-Country
Ohio,B-State
remote,B-Country
Cleveland,B-City
United,B-Country
States,I-Country
Ohio,B-State
remote,B-Country
Columbus,B-City
United,B-Country
States,I-Country
Ohio,B-State
remote,B-Country
Louisville,B-City
United,B-Country
States,I-Country
Kentucky,B-State
remote,B-Country
Dayton,B-City
United,B-Country
States,I-Country
Ohio,B-State
remote,B-Country
Akron,B-City
United,B-Country
States,I-Country
Ohio,B-State
remote,B-Country
Toledo,B-City
United,B-Country
States,I-Country
Ohio,B-State
remote,B-Country
Fort,B-City
Wayne,I-City
United,B-Country
States,I-Country
Indiana,B-State
remote,B-Country
Lexington,B-City
United,B-Country
States,I-Country
Kentucky,B-State
remote,B-Country
Youngstown,B-City
United,B-Country
States,I-Country
Ohio,B-State
remote,B-Country
Canton,B-City
United,B-Country
States,I-Country
Ohio,B-State
remote,B-Country
South,B-City
Bend,I-City
United,B-Country
States,I-Country
Indiana,B-State
remote,B-Country
Evansville,B-City
United,B-Country
States,I-Country
Indiana,B-State
remote,B-Country
Lorain,B-City
United,B-Country
States,I-Country
Ohio,B-State
remote,B-Country
Lafayette,B-City
United,B-Country
States,I-Country
Indiana,B-State
remote,B-Country
Elkhart,B-City
United,B-Country
States,I-Country
Indiana,B-State
remote,B-Country
Bloomington,B-City
United,B-Country
States,I-Country
Indiana,B-State
remote,B-Country
Bowling,B-City
Green,I-City
United,B-Country
States,I-Country
Kentucky,B-State
remote,B-Country
Carmel,B-City
United,B-Country
States,I-Country
Indiana,B-State
remote,B-Country
Fishers,B-City
United,B-Country
States,I-Country
Indiana,B-State
remote,B-Country
Middletown,B-City
United,B-Country
States,I-Country
Ohio,B-State
remote,B-Country
Muncie,B-City
United,B-Country
States,I-Country
Indiana,B-State
remote,B-Country
Anderson,B-City
United,B-Country
States,I-Country
Indiana,B-State
remote,B-Country
Springfield,B-City
United,B-Country
States,I-Country
Ohio,B-State
remote,B-Country
Parma,B-City
United,B-Country
States,I-Country
Ohio,B-State
remote,B-Country
Terre,B-City
Haute,I-City
United,B-Country
States,I-Country
Indiana,B-State
remote,B-Country
Newark,B-City
United,B-Country
States,I-Country
Ohio,B-State
remote,B-Country
Elizabethtown,B-City
United,B-Country
States,I-Country
Kentucky,B-State
remote,B-Country
Hammond,B-City
United,B-Country
States,I-Country
Indiana,B-State
remote,B-Country
Owensboro,B-City
United,B-Country
States,I-Country
Kentucky,B-State
remote,B-Country
Mansfield,B-City
United,B-Country
States,I-Country
Ohio,B-State
remote,B-Country
Noblesville,B-City
United,B-Country
States,I-Country
Indiana,B-State
remote,B-Country
Michigan,B-City
City,I-City
United,B-Country
States,I-Country
Indiana,B-State
remote,B-Country
Gary,B-City
United,B-Country
States,I-Country
Indiana,B-State
remote,B-Country
Greenwood,B-City
United,B-Country
States,I-Country
Indiana,B-State
remote,B-Country
Hamilton,B-City
United,B-Country
States,I-Country
Ohio,B-State
remote,B-Country
Kokomo,B-City
United,B-Country
States,I-Country
Indiana,B-State
remote,B-Country
Kettering,B-City
United,B-Country
States,I-Country
Ohio,B-State
remote,B-Country
Elyria,B-City
United,B-Country
States,I-Country
Ohio,B-State
remote,B-Country
Cuyahoga,B-City
Falls,I-City
United,B-Country
States,I-Country
Ohio,B-State
remote,B-Country
Mishawaka,B-City
United,B-Country
States,I-Country
Indiana,B-State
remote,B-Country
Columbus,B-City
United,B-Country
States,I-Country
Indiana,B-State
remote,B-Country
Lakewood,B-City
United,B-Country
States,I-Country
Ohio,B-State
remote,B-Country
Jeffersonville,B-City
United,B-Country
States,I-Country
Indiana,B-State
remote,B-Country
Euclid,B-City
United,B-Country
States,I-Country
Ohio,B-State
remote,B-Country
Lawrence,B-City
United,B-Country
States,I-Country
Indiana,B-State
remote,B-Country
Dublin,B-City
United,B-Country
States,I-Country
Ohio,B-State
remote,B-Country
Westfield,B-City
United,B-Country
States,I-Country
Indiana,B-State
remote,B-Country
Mentor,B-City
United,B-Country
States,I-Country
Ohio,B-State
remote,B-Country
Beavercreek,B-City
United,B-Country
States,I-Country
Ohio,B-State
remote,B-Country
Strongsville,B-City
United,B-Country
States,I-Country
Ohio,B-State
remote,B-Country
Cleveland,B-City
Heights,I-City
United,B-Country
States,I-Country
Ohio,B-State
remote,B-Country
West,B-City
Lafayette,I-City
United,B-Country
States,I-Country
Indiana,B-State
remote,B-Country
Fairfield,B-City
United,B-Country
States,I-Country
Ohio,B-State
remote,B-Country
Huber,B-City
Heights,I-City
United,B-Country
States,I-Country
Ohio,B-State
remote,B-Country
Delaware,B-City
United,B-Country
States,I-Country
Ohio,B-State
remote,B-Country
Grove,B-City
City,I-City
United,B-Country
States,I-Country
Ohio,B-State
remote,B-Country
Reynoldsburg,B-City
United,B-Country
States,I-Country
Ohio,B-State
remote,B-Country
Covington,B-City
United,B-Country
States,I-Country
Kentucky,B-State
remote,B-Country
Lancaster,B-City
United,B-Country
States,I-Country
Ohio,B-State
remote,B-Country
Findlay,B-City
United,B-Country
States,I-Country
Ohio,B-State
remote,B-Country
Warren,B-City
United,B-Country
States,I-Country
Ohio,B-State
remote,B-Country
Westerville,B-City
United,B-Country
States,I-Country
Ohio,B-State
remote,B-Country
Portage,B-City
United,B-Country
States,I-Country
Indiana,B-State
remote,B-Country
New,B-City
Albany,I-City
United,B-Country
States,I-Country
Indiana,B-State
remote,B-Country
Georgetown,B-City
United,B-Country
States,I-Country
Kentucky,B-State
remote,B-Country
Upper,B-City
Arlington,I-City
United,B-Country
States,I-Country
Ohio,B-State
remote,B-Country
Merrillville,B-City
United,B-Country
States,I-Country
Indiana,B-State
remote,B-Country
Hilliard,B-City
United,B-Country
States,I-Country
Ohio,B-State
remote,B-Country
Marion,B-City
United,B-Country
States,I-Country
Ohio,B-State
remote,B-Country
Richmond,B-City
United,B-Country
States,I-Country
Indiana,B-State
remote,B-Country
Lima,B-City
United,B-Country
States,I-Country
Ohio,B-State
remote,B-Country
Gahanna,B-City
United,B-Country
States,I-Country
Ohio,B-State
remote,B-Country
North,B-City
Ridgeville,I-City
United,B-Country
States,I-Country
Ohio,B-State
remote,B-Country
Brunswick,B-City
United,B-Country
States,I-Country
Ohio,B-State
remote,B-Country
Plainfield,B-City
United,B-Country
States,I-Country
Indiana,B-State
remote,B-Country
Richmond,B-City
United,B-Country
States,I-Country
Kentucky,B-State
remote,B-Country
Mason,B-City
United,B-Country
States,I-Country
Ohio,B-State
remote,B-Country
Goshen,B-City
United,B-Country
States,I-Country
Indiana,B-State
remote,B-Country
Fairborn,B-City
United,B-Country
States,I-Country
Ohio,B-State
remote,B-Country
Stow,B-City
United,B-Country
States,I-Country
Ohio,B-State
remote,B-Country
Westlake,B-City
United,B-Country
States,I-Country
Ohio,B-State
remote,B-Country
Valparaiso,B-City
United,B-Country
States,I-Country
Indiana,B-State
remote,B-Country
Crown,B-City
Point,I-City
United,B-Country
States,I-Country
Indiana,B-State
remote,B-Country
North,B-City
Olmsted,I-City
United,B-Country
States,I-Country
Ohio,B-State
remote,B-Country
Massillon,B-City
United,B-Country
States,I-Country
Ohio,B-State
remote,B-Country
Florence,B-City
United,B-Country
States,I-Country
Kentucky,B-State
remote,B-Country
Nicholasville,B-City
United,B-Country
States,I-Country
Kentucky,B-State
remote,B-Country
North,B-City
Royalton,I-City
United,B-Country
States,I-Country
Ohio,B-State
remote,B-Country
Hopkinsville,B-City
United,B-Country
States,I-Country
Kentucky,B-State
remote,B-Country
Zionsville,B-City
United,B-Country
States,I-Country
Indiana,B-State
remote,B-Country
Austintown,B-City
United,B-Country
States,I-Country
Ohio,B-State
remote,B-Country
Bowling,B-City
Green,I-City
United,B-Country
States,I-Country
Ohio,B-State
remote,B-Country
Granger,B-City
United,B-Country
States,I-Country
Indiana,B-State
remote,B-Country
Schererville,B-City
United,B-Country
States,I-Country
Indiana,B-State
remote,B-Country
Hobart,B-City
United,B-Country
States,I-Country
Indiana,B-State
remote,B-Country
Garfield,B-City
Heights,I-City
United,B-Country
States,I-Country
Ohio,B-State
remote,B-Country
Brownsburg,B-City
United,B-Country
States,I-Country
Indiana,B-State
remote,B-Country
Shaker,B-City
Heights,I-City
United,B-Country
States,I-Country
Ohio,B-State
remote,B-Country
Jeffersontown,B-City
United,B-Country
States,I-Country
Kentucky,B-State
remote,B-Country
Independence,B-City
United,B-Country
States,I-Country
Kentucky,B-State
remote,B-Country
Frankfort,B-City
United,B-Country
States,I-Country
Kentucky,B-State
remote,B-Country
Henderson,B-City
United,B-Country
States,I-Country
Kentucky,B-State
remote,B-Country
Marion,B-City
United,B-Country
States,I-Country
Indiana,B-State
remote,B-Country
Kent,B-City
United,B-Country
States,I-Country
Ohio,B-State
remote,B-Country
Green,B-City
United,B-Country
States,I-Country
Ohio,B-State
remote,B-Country
Wooster,B-City
United,B-Country
States,I-Country
Ohio,B-State
remote,B-Country
Paducah,B-City
United,B-Country
States,I-Country
Kentucky,B-State
remote,B-Country
Troy,B-City
United,B-Country
States,I-Country
Ohio,B-State
remote,B-Country
East,B-City
Chicago,I-City
United,B-Country
States,I-Country
Indiana,B-State
remote,B-Country
Medina,B-City
United,B-Country
States,I-Country
Ohio,B-State
remote,B-Country
Franklin,B-City
United,B-Country
States,I-Country
Indiana,B-State
remote,B-Country
Marysville,B-City
United,B-Country
States,I-Country
Ohio,B-State
remote,B-Country
Xenia,B-City
United,B-Country
States,I-Country
Ohio,B-State
remote,B-Country
Avon,B-City
Lake,I-City
United,B-Country
States,I-Country
Ohio,B-State
remote,B-Country
Barberton,B-City
United,B-Country
States,I-Country
Ohio,B-State
remote,B-Country
Sandusky,B-City
United,B-Country
States,I-Country
Ohio,B-State
remote,B-Country
Perrysburg,B-City
United,B-Country
States,I-Country
Ohio,B-State
remote,B-Country
Avon,B-City
United,B-Country
States,I-Country
Ohio,B-State
remote,B-Country
Zanesville,B-City
United,B-Country
States,I-Country
Ohio,B-State
remote,B-Country
Centerville,B-City
United,B-Country
States,I-Country
Ohio,B-State
remote,B-Country
Riverside,B-City
United,B-Country
States,I-Country
Ohio,B-State
remote,B-Country
Wadsworth,B-City
United,B-Country
States,I-Country
Ohio,B-State
remote,B-Country
Solon,B-City
United,B-Country
States,I-Country
Ohio,B-State
remote,B-Country
Willoughby,B-City
United,B-Country
States,I-Country
Ohio,B-State
remote,B-Country
Highland,B-City
United,B-Country
States,I-Country
Indiana,B-State
remote,B-Country
Munster,B-City
United,B-Country
States,I-Country
Indiana,B-State
remote,B-Country
Greenfield,B-City
United,B-Country
States,I-Country
Indiana,B-State
remote,B-Country
Maple,B-City
Heights,I-City
United,B-Country
States,I-Country
Ohio,B-State
remote,B-Country
Pickerington,B-City
United,B-Country
States,I-Country
Ohio,B-State
remote,B-Country
Trotwood,B-City
United,B-Country
States,I-Country
Ohio,B-State
remote,B-Country
Hudson,B-City
United,B-Country
States,I-Country
Ohio,B-State
remote,B-Country
Radcliff,B-City
United,B-Country
States,I-Country
Kentucky,B-State
remote,B-Country
Athens,B-City
United,B-Country
States,I-Country
Ohio,B-State
remote,B-Country
La,B-City
Porte,I-City
United,B-Country
States,I-Country
Indiana,B-State
remote,B-Country
Clarksville,B-City
United,B-Country
States,I-Country
Indiana,B-State
remote,B-Country
Oxford,B-City
United,B-Country
States,I-Country
Ohio,B-State
remote,B-Country
Chillicothe,B-City
United,B-Country
States,I-Country
Ohio,B-State
remote,B-Country
Avon,B-City
United,B-Country
States,I-Country
Indiana,B-State
remote,B-Country
South,B-City
Euclid,I-City
United,B-Country
States,I-Country
Ohio,B-State
remote,B-Country
Alliance,B-City
United,B-Country
States,I-Country
Ohio,B-State
remote,B-Country
Rocky,B-City
River,I-City
United,B-Country
States,I-Country
Ohio,B-State
remote,B-Country
Ashland,B-City
United,B-Country
States,I-Country
Kentucky,B-State
remote,B-Country
Seymour,B-City
United,B-Country
States,I-Country
Indiana,B-State
remote,B-Country
Lebanon,B-City
United,B-Country
States,I-Country
Ohio,B-State
remote,B-Country
St.,B-City
John,I-City
United,B-Country
States,I-Country
Indiana,B-State
remote,B-Country
Parma,B-City
Heights,I-City
United,B-Country
States,I-Country
Ohio,B-State
remote,B-Country
Piqua,B-City
United,B-Country
States,I-Country
Ohio,B-State
remote,B-Country
Painesville,B-City
United,B-Country
States,I-Country
Ohio,B-State
remote,B-Country
Sidney,B-City
United,B-Country
States,I-Country
Ohio,B-State
remote,B-Country
Mayfield,B-City
Heights,I-City
United,B-Country
States,I-Country
Ohio,B-State
remote,B-Country
Whitehall,B-City
United,B-Country
States,I-Country
Ohio,B-State
remote,B-Country
Forest,B-City
Park,I-City
United,B-Country
States,I-Country
Ohio,B-State
remote,B-Country
Oregon,B-City
United,B-Country
States,I-Country
Ohio,B-State
remote,B-Country
Miamisburg,B-City
United,B-Country
States,I-Country
Ohio,B-State
remote,B-Country
Broadview,B-City
Heights,I-City
United,B-Country
States,I-Country
Ohio,B-State
remote,B-Country
Shelbyville,B-City
United,B-Country
States,I-Country
Indiana,B-State
remote,B-Country
Erlanger,B-City
United,B-Country
States,I-Country
Kentucky,B-State
remote,B-Country
Madisonville,B-City
United,B-Country
States,I-Country
Kentucky,B-State
remote,B-Country
Twinsburg,B-City
United,B-Country
States,I-Country
Ohio,B-State
remote,B-Country
Ashland,B-City
United,B-Country
States,I-Country
Ohio,B-State
remote,B-Country
Springboro,B-City
United,B-Country
States,I-Country
Ohio,B-State
remote,B-Country
White,B-City
Oak,I-City
United,B-Country
States,I-Country
Ohio,B-State
remote,B-Country
Winchester,B-City
United,B-Country
States,I-Country
Kentucky,B-State
remote,B-Country
Sylvania,B-City
United,B-Country
States,I-Country
Ohio,B-State
remote,B-Country
Norwood,B-City
United,B-Country
States,I-Country
Ohio,B-State
remote,B-Country
Berea,B-City
United,B-Country
States,I-Country
Ohio,B-State
remote,B-Country
Brook,B-City
Park,I-City
United,B-Country
States,I-Country
Ohio,B-State
remote,B-Country
Tallmadge,B-City
United,B-Country
States,I-Country
Ohio,B-State
remote,B-Country
Burlington,B-City
United,B-Country
States,I-Country
Kentucky,B-State
remote,B-Country
Steubenville,B-City
United,B-Country
States,I-Country
Ohio,B-State
remote,B-Country
Logansport,B-City
United,B-Country
States,I-Country
Indiana,B-State
remote,B-Country
Portsmouth,B-City
United,B-Country
States,I-Country
Ohio,B-State
remote,B-Country
Niles,B-City
United,B-Country
States,I-Country
Ohio,B-State
remote,B-Country
Ashtabula,B-City
United,B-Country
States,I-Country
Ohio,B-State
remote,B-Country
Mount,B-City
Washington,I-City
United,B-Country
States,I-Country
Kentucky,B-State
remote,B-Country
Tiffin,B-City
United,B-Country
States,I-Country
Ohio,B-State
remote,B-Country
Pataskala,B-City
United,B-Country
States,I-Country
Ohio,B-State
remote,B-Country
North,B-City
Canton,I-City
United,B-Country
States,I-Country
Ohio,B-State
remote,B-Country
Eastlake,B-City
United,B-Country
States,I-Country
Ohio,B-State
remote,B-Country
New,B-City
Philadelphia,I-City
United,B-Country
States,I-Country
Ohio,B-State
remote,B-Country
St.,B-City
Matthews,I-City
United,B-Country
States,I-Country
Kentucky,B-State
remote,B-Country
Murray,B-City
United,B-Country
States,I-Country
Kentucky,B-State
remote,B-Country
New,B-City
Castle,I-City
United,B-Country
States,I-Country
Indiana,B-State
remote,B-Country
Streetsboro,B-City
United,B-Country
States,I-Country
Ohio,B-State
remote,B-Country
Fort,B-City
Thomas,I-City
United,B-Country
States,I-Country
Kentucky,B-State
remote,B-Country
Lebanon,B-City
United,B-Country
States,I-Country
Indiana,B-State
remote,B-Country
Shelbyville,B-City
United,B-Country
States,I-Country
Kentucky,B-State
remote,B-Country
Aurora,B-City
United,B-Country
States,I-Country
Ohio,B-State
remote,B-Country
Danville,B-City
United,B-Country
States,I-Country
Kentucky,B-State
remote,B-Country
Fairview,B-City
Park,I-City
United,B-Country
States,I-Country
Ohio,B-State
remote,B-Country
Norwalk,B-City
United,B-Country
States,I-Country
Ohio,B-State
remote,B-Country
Huntington,B-City
United,B-Country
States,I-Country
Indiana,B-State
remote,B-Country
Mount,B-City
Vernon,I-City
United,B-Country
States,I-Country
Ohio,B-State
remote,B-Country
Defiance,B-City
United,B-Country
States,I-Country
Ohio,B-State
remote,B-Country
Vincennes,B-City
United,B-Country
States,I-Country
Indiana,B-State
remote,B-Country
Jasper,B-City
United,B-Country
States,I-Country
Indiana,B-State
remote,B-Country
Warsaw,B-City
United,B-Country
States,I-Country
Indiana,B-State
remote,B-Country
Dyer,B-City
United,B-Country
States,I-Country
Indiana,B-State
remote,B-Country
Crawfordsville,B-City
United,B-Country
States,I-Country
Indiana,B-State
remote,B-Country
Griffith,B-City
United,B-Country
States,I-Country
Indiana,B-State
remote,B-Country
Bay,B-City
Village,I-City
United,B-Country
States,I-Country
Ohio,B-State
remote,B-Country
Frankfort,B-City
United,B-Country
States,I-Country
Indiana,B-State
remote,B-Country
Middleburg,B-City
Heights,I-City
United,B-Country
States,I-Country
Ohio,B-State
remote,B-Country
Fremont,B-City
United,B-Country
States,I-Country
Ohio,B-State
remote,B-Country
Shively,B-City
United,B-Country
States,I-Country
Kentucky,B-State
remote,B-Country
New,B-City
Haven,I-City
United,B-Country
States,I-Country
Indiana,B-State
remote,B-Country
Berea,B-City
United,B-Country
States,I-Country
Kentucky,B-State
remote,B-Country
Monroe,B-City
United,B-Country
States,I-Country
Ohio,B-State
remote,B-Country
Beech,B-City
Grove,I-City
United,B-Country
States,I-Country
Indiana,B-State
remote,B-Country
Vandalia,B-City
United,B-Country
States,I-Country
Ohio,B-State
remote,B-Country
Glasgow,B-City
United,B-Country
States,I-Country
Kentucky,B-State
remote,B-Country
Worthington,B-City
United,B-Country
States,I-Country
Ohio,B-State
remote,B-Country
Washington,B-City
Court,I-City
House,I-City
United,B-Country
States,I-Country
Ohio,B-State
remote,B-Country
Cedar,B-City
Lake,I-City
United,B-Country
States,I-Country
Indiana,B-State
remote,B-Country
Willowick,B-City
United,B-Country
States,I-Country
Ohio,B-State
remote,B-Country
Chesterton,B-City
United,B-Country
States,I-Country
Indiana,B-State
remote,B-Country
Newport,B-City
United,B-Country
States,I-Country
Kentucky,B-State
remote,B-Country
Shepherdsville,B-City
United,B-Country
States,I-Country
Kentucky,B-State
remote,B-Country
Powell,B-City
United,B-Country
States,I-Country
Ohio,B-State
remote,B-Country
Sharonville,B-City
United,B-Country
States,I-Country
Ohio,B-State
remote,B-Country
Circleville,B-City
United,B-Country
States,I-Country
Ohio,B-State
remote,B-Country
Lyndhurst,B-City
United,B-Country
States,I-Country
Ohio,B-State
remote,B-Country
East,B-City
Cleveland,I-City
United,B-Country
States,I-Country
Ohio,B-State
remote,B-Country
New,B-City
Franklin,I-City
United,B-Country
States,I-Country
Ohio,B-State
remote,B-Country
Beachwood,B-City
United,B-Country
States,I-Country
Ohio,B-State
remote,B-Country
Maumee,B-City
United,B-Country
States,I-Country
Ohio,B-State
remote,B-Country
Bedford,B-City
United,B-Country
States,I-Country
Indiana,B-State
remote,B-Country
Bellefontaine,B-City
United,B-Country
States,I-Country
Ohio,B-State
remote,B-Country
Warrensville,B-City
Heights,I-City
United,B-Country
States,I-Country
Ohio,B-State
remote,B-Country
University,B-City
Heights,I-City
United,B-Country
States,I-Country
Ohio,B-State
remote,B-Country
Speedway,B-City
United,B-Country
States,I-Country
Indiana,B-State
remote,B-Country
Brecksville,B-City
United,B-Country
States,I-Country
Ohio,B-State
remote,B-Country
Bardstown,B-City
United,B-Country
States,I-Country
Kentucky,B-State
remote,B-Country
Bexley,B-City
United,B-Country
States,I-Country
Ohio,B-State
remote,B-Country
Bridgetown,B-City
United,B-Country
States,I-Country
Ohio,B-State
remote,B-Country
Englewood,B-City
United,B-Country
States,I-Country
Ohio,B-State
remote,B-Country
Connersville,B-City
United,B-Country
States,I-Country
Indiana,B-State
remote,B-Country
Marietta,B-City
United,B-Country
States,I-Country
Ohio,B-State
remote,B-Country
Lake,B-City
Station,I-City
United,B-Country
States,I-Country
Indiana,B-State
remote,B-Country
Blue,B-City
Ash,I-City
United,B-Country
States,I-Country
Ohio,B-State
remote,B-Country
Auburn,B-City
United,B-Country
States,I-Country
Indiana,B-State
remote,B-Country
Clayton,B-City
United,B-Country
States,I-Country
Ohio,B-State
remote,B-Country
Loveland,B-City
United,B-Country
States,I-Country
Ohio,B-State
remote,B-Country
Trenton,B-City
United,B-Country
States,I-Country
Ohio,B-State
remote,B-Country
Dover,B-City
United,B-Country
States,I-Country
Ohio,B-State
remote,B-Country
Harrison,B-City
United,B-Country
States,I-Country
Ohio,B-State
remote,B-Country
West,B-City
Carrollton,I-City
United,B-Country
States,I-Country
Ohio,B-State
remote,B-Country
Bedford,B-City
United,B-Country
States,I-Country
Ohio,B-State
remote,B-Country
Fostoria,B-City
United,B-Country
States,I-Country
Ohio,B-State
remote,B-Country
Finneytown,B-City
United,B-Country
States,I-Country
Ohio,B-State
remote,B-Country
Greenville,B-City
United,B-Country
States,I-Country
Ohio,B-State
remote,B-Country
Amherst,B-City
United,B-Country
States,I-Country
Ohio,B-State
remote,B-Country
Wilmington,B-City
United,B-Country
States,I-Country
Ohio,B-State
remote,B-Country
Wickliffe,B-City
United,B-Country
States,I-Country
Ohio,B-State
remote,B-Country
Amelia,B-City
United,B-Country
States,I-Country
Ohio,B-State
remote,B-Country
Conneaut,B-City
United,B-Country
States,I-Country
Ohio,B-State
remote,B-Country
Madison,B-City
United,B-Country
States,I-Country
Indiana,B-State
remote,B-Country
Macedonia,B-City
United,B-Country
States,I-Country
Ohio,B-State
remote,B-Country
Washington,B-City
United,B-Country
States,I-Country
Indiana,B-State
remote,B-Country
Fort,B-City
Campbell,I-City
North,I-City
United,B-Country
States,I-Country
Kentucky,B-State
remote,B-Country
Monfort,B-City
Heights,I-City
United,B-Country
States,I-Country
Ohio,B-State
remote,B-Country
Somerset,B-City
United,B-Country
States,I-Country
Kentucky,B-State
remote,B-Country
Martinsville,B-City
United,B-Country
States,I-Country
Indiana,B-State
remote,B-Country
Salem,B-City
United,B-Country
States,I-Country
Ohio,B-State
remote,B-Country
Mack,B-City
United,B-Country
States,I-Country
Ohio,B-State
remote,B-Country
Lawrenceburg,B-City
United,B-Country
States,I-Country
Kentucky,B-State
remote,B-Country
Seven,B-City
Hills,I-City
United,B-Country
States,I-Country
Ohio,B-State
remote,B-Country
Franklin,B-City
United,B-Country
States,I-Country
Ohio,B-State
remote,B-Country
Dent,B-City
United,B-Country
States,I-Country
Ohio,B-State
remote,B-Country
Norton,B-City
United,B-Country
States,I-Country
Ohio,B-State
remote,B-Country
Bucyrus,B-City
United,B-Country
States,I-Country
Ohio,B-State
remote,B-Country
Yorktown,B-City
United,B-Country
States,I-Country
Indiana,B-State
remote,B-Country
Campbellsville,B-City
United,B-Country
States,I-Country
Kentucky,B-State
remote,B-Country
Greensburg,B-City
United,B-Country
States,I-Country
Indiana,B-State
remote,B-Country
Ravenna,B-City
United,B-Country
States,I-Country
Ohio,B-State
remote,B-Country
Brooklyn,B-City
United,B-Country
States,I-Country
Ohio,B-State
remote,B-Country
Northbrook,B-City
United,B-Country
States,I-Country
Ohio,B-State
remote,B-Country
Urbana,B-City
United,B-Country
States,I-Country
Ohio,B-State
remote,B-Country
Coshocton,B-City
United,B-Country
States,I-Country
Ohio,B-State
remote,B-Country
Lyndon,B-City
United,B-Country
States,I-Country
Kentucky,B-State
remote,B-Country
Springdale,B-City
United,B-Country
States,I-Country
Ohio,B-State
remote,B-Country
Celina,B-City
United,B-Country
States,I-Country
Ohio,B-State
remote,B-Country
Bedford,B-City
Heights,I-City
United,B-Country
States,I-Country
Ohio,B-State
remote,B-Country
Peru,B-City
United,B-Country
States,I-Country
Indiana,B-State
remote,B-Country
Danville,B-City
United,B-Country
States,I-Country
Indiana,B-State
remote,B-Country
Van,B-City
Wert,I-City
United,B-Country
States,I-Country
Ohio,B-State
remote,B-Country
Montgomery,B-City
United,B-Country
States,I-Country
Ohio,B-State
remote,B-Country
Forestville,B-City
United,B-Country
States,I-Country
Ohio,B-State
remote,B-Country
Lowell,B-City
United,B-Country
States,I-Country
Indiana,B-State
remote,B-Country
Richmond,B-City
Heights,I-City
United,B-Country
States,I-Country
Ohio,B-State
remote,B-Country
Ironton,B-City
United,B-Country
States,I-Country
Ohio,B-State
remote,B-Country
Shiloh,B-City
United,B-Country
States,I-Country
Ohio,B-State
remote,B-Country
Reading,B-City
United,B-Country
States,I-Country
Ohio,B-State
remote,B-Country
New,B-City
Albany,I-City
United,B-Country
States,I-Country
Ohio,B-State
remote,B-Country
Heath,B-City
United,B-Country
States,I-Country
Ohio,B-State
remote,B-Country
Bluffton,B-City
United,B-Country
States,I-Country
Indiana,B-State
remote,B-Country
Vermilion,B-City
United,B-Country
States,I-Country
Ohio,B-State
remote,B-Country
Wabash,B-City
United,B-Country
States,I-Country
Indiana,B-State
remote,B-Country
Galion,B-City
United,B-Country
States,I-Country
Ohio,B-State
remote,B-Country
Plymouth,B-City
United,B-Country
States,I-Country
Indiana,B-State
remote,B-Country
Alexandria,B-City
United,B-Country
States,I-Country
Kentucky,B-State
remote,B-Country
London,B-City
United,B-Country
States,I-Country
Ohio,B-State
remote,B-Country
Versailles,B-City
United,B-Country
States,I-Country
Kentucky,B-State
remote,B-Country
Tipp,B-City
City,I-City
United,B-Country
States,I-Country
Ohio,B-State
remote,B-Country
Whitestown,B-City
United,B-Country
States,I-Country
Indiana,B-State
remote,B-Country
Kendallville,B-City
United,B-Country
States,I-Country
Indiana,B-State
remote,B-Country
Paris,B-City
United,B-Country
States,I-Country
Kentucky,B-State
remote,B-Country
Franklin,B-City
United,B-Country
States,I-Country
Kentucky,B-State
remote,B-Country
Cambridge,B-City
United,B-Country
States,I-Country
Ohio,B-State
remote,B-Country
La,B-City
Grange,I-City
United,B-Country
States,I-Country
Kentucky,B-State
remote,B-Country
Struthers,B-City
United,B-Country
States,I-Country
Ohio,B-State
remote,B-Country
Oakbrook,B-City
United,B-Country
States,I-Country
Kentucky,B-State
remote,B-Country
Francisville,B-City
United,B-Country
States,I-Country
Kentucky,B-State
remote,B-Country
Mayfield,B-City
United,B-Country
States,I-Country
Kentucky,B-State
remote,B-Country
Willoughby,B-City
Hills,I-City
United,B-Country
States,I-Country
Ohio,B-State
remote,B-Country
East,B-City
Liverpool,I-City
United,B-Country
States,I-Country
Ohio,B-State
remote,B-Country
Sellersburg,B-City
United,B-Country
States,I-Country
Indiana,B-State
remote,B-Country
Beckett,B-City
Ridge,I-City
United,B-Country
States,I-Country
Ohio,B-State
remote,B-Country
Wapakoneta,B-City
United,B-Country
States,I-Country
Ohio,B-State
remote,B-Country
Greencastle,B-City
United,B-Country
States,I-Country
Indiana,B-State
remote,B-Country
Decatur,B-City
United,B-Country
States,I-Country
Indiana,B-State
remote,B-Country
North,B-City
College,I-City
Hill,I-City
United,B-Country
States,I-Country
Ohio,B-State
remote,B-Country
Middletown,B-City
United,B-Country
States,I-Country
Kentucky,B-State
remote,B-Country
Girard,B-City
United,B-Country
States,I-Country
Ohio,B-State
remote,B-Country
Lincoln,B-City
Village,I-City
United,B-Country
States,I-Country
Ohio,B-State
remote,B-Country
Mooresville,B-City
United,B-Country
States,I-Country
Indiana,B-State
remote,B-Country
Bargersville,B-City
United,B-Country
States,I-Country
Indiana,B-State
remote,B-Country
Louisville,B-City
United,B-Country
States,I-Country
Ohio,B-State
remote,B-Country
Oakwood,B-City
United,B-Country
States,I-Country
Ohio,B-State
remote,B-Country
Columbia,B-City
City,I-City
United,B-Country
States,I-Country
Indiana,B-State
remote,B-Country
Madeira,B-City
United,B-Country
States,I-Country
Ohio,B-State
remote,B-Country
Middlesborough,B-City
United,B-Country
States,I-Country
Kentucky,B-State
remote,B-Country
Canal,B-City
Winchester,I-City
United,B-Country
States,I-Country
Ohio,B-State
remote,B-Country
Angola,B-City
United,B-Country
States,I-Country
Indiana,B-State
remote,B-Country
Elsmere,B-City
United,B-Country
States,I-Country
Kentucky,B-State
remote,B-Country
McCordsville,B-City
United,B-Country
States,I-Country
Indiana,B-State
remote,B-Country
Huntertown,B-City
United,B-Country
States,I-Country
Indiana,B-State
remote,B-Country
Harrodsburg,B-City
United,B-Country
States,I-Country
Kentucky,B-State
remote,B-Country
Blacklick,B-City
Estates,I-City
United,B-Country
States,I-Country
Ohio,B-State
remote,B-Country
Sheffield,B-City
Lake,I-City
United,B-Country
States,I-Country
Ohio,B-State
remote,B-Country
Napoleon,B-City
United,B-Country
States,I-Country
Ohio,B-State
remote,B-Country
Maysville,B-City
United,B-Country
States,I-Country
Kentucky,B-State
remote,B-Country
Bainbridge,B-City
United,B-Country
States,I-Country
Ohio,B-State
remote,B-Country
Perry,B-City
Heights,I-City
United,B-Country
States,I-Country
Ohio,B-State
remote,B-Country
Wyoming,B-City
United,B-Country
States,I-Country
Ohio,B-State
remote,B-Country
Cheviot,B-City
United,B-Country
States,I-Country
Ohio,B-State
remote,B-Country
Hillview,B-City
United,B-Country
States,I-Country
Kentucky,B-State
remote,B-Country
Olmsted,B-City
Falls,I-City
United,B-Country
States,I-Country
Ohio,B-State
remote,B-Country
Bryan,B-City
United,B-Country
States,I-Country
Ohio,B-State
remote,B-Country
Fort,B-City
Mitchell,I-City
United,B-Country
States,I-Country
Kentucky,B-State
remote,B-Country
Fort,B-City
Knox,I-City
United,B-Country
States,I-Country
Kentucky,B-State
remote,B-Country
Highland,B-City
Heights,I-City
United,B-Country
States,I-Country
Ohio,B-State
remote,B-Country
Corbin,B-City
United,B-Country
States,I-Country
Kentucky,B-State
remote,B-Country
Remote,B-City
United,B-Country
States,I-Country
Virtual,B-State
remote,B-Country
Virtual,B-City
United,B-Country
States,I-Country
Virtual,B-State
remote,B-Country
Work,B-City
from,I-City
Home,I-City
United,B-Country
States,I-Country
Virtual,B-State
remote,B-Country
Telework,B-City
United,B-Country
States,I-Country
Virtual,B-State
remote,B-Country
Hybrid,B-City
United,B-Country
States,I-Country
Virtual,B-State
remote,B-Country
